-- Seed data for development/testing
-- Run after init.sql

-- Seed data: Create admin user
INSERT INTO users (id, email, username, password_hash, display_name, role, subscription_tier)
VALUES (
  '00000000-0000-0000-0000-000000000001',
  'admin@applemusic.local',
  'admin',
  '$2b$10$X5cI9kJqY5zK5e5F5e5F5e5F5e5F5e5F5e5F5e5F5e5F5e5F5e5F5e', -- password: admin123
  'Admin User',
  'admin',
  'individual'
);

-- Seed data: Create demo user
INSERT INTO users (id, email, username, password_hash, display_name, role, subscription_tier)
VALUES (
  '00000000-0000-0000-0000-000000000002',
  'demo@applemusic.local',
  'demo',
  '$2b$10$X5cI9kJqY5zK5e5F5e5F5e5F5e5F5e5F5e5F5e5F5e5F5e5F5e5F5e', -- password: demo123
  'Demo User',
  'user',
  'individual'
);

-- Seed data: Artists
INSERT INTO artists (id, name, bio, genres, verified) VALUES
  ('a0000000-0000-0000-0000-000000000001', 'The Midnight', 'Synthwave duo from Los Angeles', ARRAY['synthwave', 'electronic', 'retro'], true),
  ('a0000000-0000-0000-0000-000000000002', 'Tycho', 'Ambient electronic artist from San Francisco', ARRAY['ambient', 'electronic', 'chillwave'], true),
  ('a0000000-0000-0000-0000-000000000003', 'ODESZA', 'Electronic music duo from Seattle', ARRAY['electronic', 'indietronica', 'future bass'], true),
  ('a0000000-0000-0000-0000-000000000004', 'Bonobo', 'British musician and producer Simon Green', ARRAY['downtempo', 'electronic', 'trip-hop'], true),
  ('a0000000-0000-0000-0000-000000000005', 'Khruangbin', 'Psychedelic rock band from Houston', ARRAY['psychedelic', 'funk', 'world'], true);

-- Seed data: Albums
INSERT INTO albums (id, title, artist_id, release_date, album_type, genres, total_tracks, duration_ms) VALUES
  ('b0000000-0000-0000-0000-000000000001', 'Endless Summer', 'a0000000-0000-0000-0000-000000000001', '2016-08-12', 'album', ARRAY['synthwave', 'electronic'], 10, 2880000),
  ('b0000000-0000-0000-0000-000000000002', 'Nocturnal', 'a0000000-0000-0000-0000-000000000001', '2017-09-15', 'album', ARRAY['synthwave', 'electronic'], 12, 3240000),
  ('b0000000-0000-0000-0000-000000000003', 'Dive', 'a0000000-0000-0000-0000-000000000002', '2011-11-08', 'album', ARRAY['ambient', 'electronic'], 9, 2400000),
  ('b0000000-0000-0000-0000-000000000004', 'Awake', 'a0000000-0000-0000-0000-000000000002', '2014-03-18', 'album', ARRAY['ambient', 'electronic'], 8, 2100000),
  ('b0000000-0000-0000-0000-000000000005', 'In Return', 'a0000000-0000-0000-0000-000000000003', '2014-09-09', 'album', ARRAY['electronic', 'future bass'], 14, 3600000),
  ('b0000000-0000-0000-0000-000000000006', 'A Moment Apart', 'a0000000-0000-0000-0000-000000000003', '2017-09-08', 'album', ARRAY['electronic', 'indietronica'], 16, 4200000),
  ('b0000000-0000-0000-0000-000000000007', 'Migration', 'a0000000-0000-0000-0000-000000000004', '2017-01-13', 'album', ARRAY['downtempo', 'electronic'], 12, 3000000),
  ('b0000000-0000-0000-0000-000000000008', 'Con Todo El Mundo', 'a0000000-0000-0000-0000-000000000005', '2018-02-02', 'album', ARRAY['psychedelic', 'funk'], 10, 2700000);

-- Seed data: Tracks
INSERT INTO tracks (id, title, artist_id, album_id, duration_ms, track_number, audio_features) VALUES
  -- The Midnight - Endless Summer
  ('c0000000-0000-0000-0000-000000000001', 'Sunset', 'a0000000-0000-0000-0000-000000000001', 'b0000000-0000-0000-0000-000000000001', 285000, 1, '{"tempo": 120, "energy": 0.7, "danceability": 0.8}'),
  ('c0000000-0000-0000-0000-000000000002', 'Endless Summer', 'a0000000-0000-0000-0000-000000000001', 'b0000000-0000-0000-0000-000000000001', 312000, 2, '{"tempo": 118, "energy": 0.75, "danceability": 0.85}'),
  ('c0000000-0000-0000-0000-000000000003', 'Crystalline', 'a0000000-0000-0000-0000-000000000001', 'b0000000-0000-0000-0000-000000000001', 298000, 3, '{"tempo": 122, "energy": 0.65, "danceability": 0.75}'),
  ('c0000000-0000-0000-0000-000000000004', 'Jason', 'a0000000-0000-0000-0000-000000000001', 'b0000000-0000-0000-0000-000000000001', 276000, 4, '{"tempo": 115, "energy": 0.6, "danceability": 0.7}'),
  ('c0000000-0000-0000-0000-000000000005', 'Gloria', 'a0000000-0000-0000-0000-000000000001', 'b0000000-0000-0000-0000-000000000001', 305000, 5, '{"tempo": 125, "energy": 0.8, "danceability": 0.9}'),

  -- The Midnight - Nocturnal
  ('c0000000-0000-0000-0000-000000000006', 'America Online', 'a0000000-0000-0000-0000-000000000001', 'b0000000-0000-0000-0000-000000000002', 290000, 1, '{"tempo": 116, "energy": 0.7, "danceability": 0.8}'),
  ('c0000000-0000-0000-0000-000000000007', 'Shadows', 'a0000000-0000-0000-0000-000000000001', 'b0000000-0000-0000-0000-000000000002', 265000, 2, '{"tempo": 112, "energy": 0.65, "danceability": 0.75}'),
  ('c0000000-0000-0000-0000-000000000008', 'Nocturnal', 'a0000000-0000-0000-0000-000000000001', 'b0000000-0000-0000-0000-000000000002', 320000, 3, '{"tempo": 108, "energy": 0.5, "danceability": 0.6}'),

  -- Tycho - Dive
  ('c0000000-0000-0000-0000-000000000009', 'A Walk', 'a0000000-0000-0000-0000-000000000002', 'b0000000-0000-0000-0000-000000000003', 345000, 1, '{"tempo": 85, "energy": 0.4, "danceability": 0.5}'),
  ('c0000000-0000-0000-0000-000000000010', 'Daydream', 'a0000000-0000-0000-0000-000000000002', 'b0000000-0000-0000-0000-000000000003', 298000, 2, '{"tempo": 95, "energy": 0.5, "danceability": 0.55}'),
  ('c0000000-0000-0000-0000-000000000011', 'Dive', 'a0000000-0000-0000-0000-000000000002', 'b0000000-0000-0000-0000-000000000003', 276000, 3, '{"tempo": 100, "energy": 0.55, "danceability": 0.6}'),

  -- Tycho - Awake
  ('c0000000-0000-0000-0000-000000000012', 'Awake', 'a0000000-0000-0000-0000-000000000002', 'b0000000-0000-0000-0000-000000000004', 312000, 1, '{"tempo": 92, "energy": 0.6, "danceability": 0.65}'),
  ('c0000000-0000-0000-0000-000000000013', 'Montana', 'a0000000-0000-0000-0000-000000000002', 'b0000000-0000-0000-0000-000000000004', 287000, 2, '{"tempo": 88, "energy": 0.5, "danceability": 0.55}'),
  ('c0000000-0000-0000-0000-000000000014', 'L', 'a0000000-0000-0000-0000-000000000002', 'b0000000-0000-0000-0000-000000000004', 265000, 3, '{"tempo": 98, "energy": 0.45, "danceability": 0.5}'),

  -- ODESZA - In Return
  ('c0000000-0000-0000-0000-000000000015', 'All We Need', 'a0000000-0000-0000-0000-000000000003', 'b0000000-0000-0000-0000-000000000005', 276000, 1, '{"tempo": 130, "energy": 0.8, "danceability": 0.85}'),
  ('c0000000-0000-0000-0000-000000000016', 'Say My Name', 'a0000000-0000-0000-0000-000000000003', 'b0000000-0000-0000-0000-000000000005', 243000, 2, '{"tempo": 125, "energy": 0.85, "danceability": 0.9}'),
  ('c0000000-0000-0000-0000-000000000017', 'Sun Models', 'a0000000-0000-0000-0000-000000000003', 'b0000000-0000-0000-0000-000000000005', 298000, 3, '{"tempo": 118, "energy": 0.7, "danceability": 0.75}'),

  -- ODESZA - A Moment Apart
  ('c0000000-0000-0000-0000-000000000018', 'A Moment Apart', 'a0000000-0000-0000-0000-000000000003', 'b0000000-0000-0000-0000-000000000006', 287000, 1, '{"tempo": 105, "energy": 0.6, "danceability": 0.65}'),
  ('c0000000-0000-0000-0000-000000000019', 'Higher Ground', 'a0000000-0000-0000-0000-000000000003', 'b0000000-0000-0000-0000-000000000006', 232000, 2, '{"tempo": 128, "energy": 0.85, "danceability": 0.9}'),
  ('c0000000-0000-0000-0000-000000000020', 'Line of Sight', 'a0000000-0000-0000-0000-000000000003', 'b0000000-0000-0000-0000-000000000006', 265000, 3, '{"tempo": 122, "energy": 0.75, "danceability": 0.8}'),

  -- Bonobo - Migration
  ('c0000000-0000-0000-0000-000000000021', 'Migration', 'a0000000-0000-0000-0000-000000000004', 'b0000000-0000-0000-0000-000000000007', 287000, 1, '{"tempo": 100, "energy": 0.55, "danceability": 0.6}'),
  ('c0000000-0000-0000-0000-000000000022', 'Kerala', 'a0000000-0000-0000-0000-000000000004', 'b0000000-0000-0000-0000-000000000007', 312000, 2, '{"tempo": 110, "energy": 0.7, "danceability": 0.75}'),
  ('c0000000-0000-0000-0000-000000000023', 'Break Apart', 'a0000000-0000-0000-0000-000000000004', 'b0000000-0000-0000-0000-000000000007', 298000, 3, '{"tempo": 95, "energy": 0.5, "danceability": 0.55}'),

  -- Khruangbin - Con Todo El Mundo
  ('c0000000-0000-0000-0000-000000000024', 'Como Me Quieres', 'a0000000-0000-0000-0000-000000000005', 'b0000000-0000-0000-0000-000000000008', 254000, 1, '{"tempo": 95, "energy": 0.6, "danceability": 0.7}'),
  ('c0000000-0000-0000-0000-000000000025', 'Maria También', 'a0000000-0000-0000-0000-000000000005', 'b0000000-0000-0000-0000-000000000008', 243000, 2, '{"tempo": 92, "energy": 0.55, "danceability": 0.65}'),
  ('c0000000-0000-0000-0000-000000000026', 'Evan Finds the Third Room', 'a0000000-0000-0000-0000-000000000005', 'b0000000-0000-0000-0000-000000000008', 265000, 3, '{"tempo": 88, "energy": 0.5, "danceability": 0.6}');

-- Seed data: Track genres
INSERT INTO track_genres (track_id, genre, weight) VALUES
  ('c0000000-0000-0000-0000-000000000001', 'synthwave', 1.0),
  ('c0000000-0000-0000-0000-000000000001', 'electronic', 0.8),
  ('c0000000-0000-0000-0000-000000000002', 'synthwave', 1.0),
  ('c0000000-0000-0000-0000-000000000002', 'electronic', 0.8),
  ('c0000000-0000-0000-0000-000000000009', 'ambient', 1.0),
  ('c0000000-0000-0000-0000-000000000009', 'electronic', 0.7),
  ('c0000000-0000-0000-0000-000000000015', 'electronic', 1.0),
  ('c0000000-0000-0000-0000-000000000015', 'future bass', 0.9),
  ('c0000000-0000-0000-0000-000000000021', 'downtempo', 1.0),
  ('c0000000-0000-0000-0000-000000000021', 'electronic', 0.8),
  ('c0000000-0000-0000-0000-000000000024', 'psychedelic', 1.0),
  ('c0000000-0000-0000-0000-000000000024', 'funk', 0.9);

-- Seed data: Radio stations
INSERT INTO radio_stations (id, name, description, type, seed_genre, is_active) VALUES
  ('d0000000-0000-0000-0000-000000000001', 'Synthwave Essentials', 'The best of synthwave and retro electronic', 'genre', 'synthwave', true),
  ('d0000000-0000-0000-0000-000000000002', 'Chill Electronic', 'Ambient and downtempo electronic music', 'genre', 'ambient', true),
  ('d0000000-0000-0000-0000-000000000003', 'Future Sounds', 'Cutting edge electronic and future bass', 'genre', 'electronic', true),
  ('d0000000-0000-0000-0000-000000000004', 'Psychedelic Grooves', 'Mind-expanding psychedelic and funk', 'genre', 'psychedelic', true);

-- Seed data: Radio station tracks
INSERT INTO radio_station_tracks (station_id, track_id, position) VALUES
  -- Synthwave Essentials
  ('d0000000-0000-0000-0000-000000000001', 'c0000000-0000-0000-0000-000000000001', 1),
  ('d0000000-0000-0000-0000-000000000001', 'c0000000-0000-0000-0000-000000000002', 2),
  ('d0000000-0000-0000-0000-000000000001', 'c0000000-0000-0000-0000-000000000005', 3),
  ('d0000000-0000-0000-0000-000000000001', 'c0000000-0000-0000-0000-000000000006', 4),
  ('d0000000-0000-0000-0000-000000000001', 'c0000000-0000-0000-0000-000000000008', 5),
  -- Chill Electronic
  ('d0000000-0000-0000-0000-000000000002', 'c0000000-0000-0000-0000-000000000009', 1),
  ('d0000000-0000-0000-0000-000000000002', 'c0000000-0000-0000-0000-000000000010', 2),
  ('d0000000-0000-0000-0000-000000000002', 'c0000000-0000-0000-0000-000000000012', 3),
  ('d0000000-0000-0000-0000-000000000002', 'c0000000-0000-0000-0000-000000000021', 4),
  ('d0000000-0000-0000-0000-000000000002', 'c0000000-0000-0000-0000-000000000023', 5),
  -- Future Sounds
  ('d0000000-0000-0000-0000-000000000003', 'c0000000-0000-0000-0000-000000000015', 1),
  ('d0000000-0000-0000-0000-000000000003', 'c0000000-0000-0000-0000-000000000016', 2),
  ('d0000000-0000-0000-0000-000000000003', 'c0000000-0000-0000-0000-000000000019', 3),
  ('d0000000-0000-0000-0000-000000000003', 'c0000000-0000-0000-0000-000000000020', 4),
  ('d0000000-0000-0000-0000-000000000003', 'c0000000-0000-0000-0000-000000000022', 5),
  -- Psychedelic Grooves
  ('d0000000-0000-0000-0000-000000000004', 'c0000000-0000-0000-0000-000000000024', 1),
  ('d0000000-0000-0000-0000-000000000004', 'c0000000-0000-0000-0000-000000000025', 2),
  ('d0000000-0000-0000-0000-000000000004', 'c0000000-0000-0000-0000-000000000026', 3);

-- Seed data: Demo user playlists
INSERT INTO playlists (id, user_id, name, description, type, is_public, total_tracks) VALUES
  ('e0000000-0000-0000-0000-000000000001', '00000000-0000-0000-0000-000000000002', 'My Favorites', 'My all-time favorite tracks', 'regular', false, 5),
  ('e0000000-0000-0000-0000-000000000002', '00000000-0000-0000-0000-000000000002', 'Chill Vibes', 'Perfect for relaxing', 'regular', true, 4);

-- Seed data: Playlist tracks
INSERT INTO playlist_tracks (playlist_id, track_id, position, added_by) VALUES
  ('e0000000-0000-0000-0000-000000000001', 'c0000000-0000-0000-0000-000000000002', 1, '00000000-0000-0000-0000-000000000002'),
  ('e0000000-0000-0000-0000-000000000001', 'c0000000-0000-0000-0000-000000000016', 2, '00000000-0000-0000-0000-000000000002'),
  ('e0000000-0000-0000-0000-000000000001', 'c0000000-0000-0000-0000-000000000019', 3, '00000000-0000-0000-0000-000000000002'),
  ('e0000000-0000-0000-0000-000000000001', 'c0000000-0000-0000-0000-000000000022', 4, '00000000-0000-0000-0000-000000000002'),
  ('e0000000-0000-0000-0000-000000000001', 'c0000000-0000-0000-0000-000000000024', 5, '00000000-0000-0000-0000-000000000002'),
  ('e0000000-0000-0000-0000-000000000002', 'c0000000-0000-0000-0000-000000000009', 1, '00000000-0000-0000-0000-000000000002'),
  ('e0000000-0000-0000-0000-000000000002', 'c0000000-0000-0000-0000-000000000012', 2, '00000000-0000-0000-0000-000000000002'),
  ('e0000000-0000-0000-0000-000000000002', 'c0000000-0000-0000-0000-000000000021', 3, '00000000-0000-0000-0000-000000000002'),
  ('e0000000-0000-0000-0000-000000000002', 'c0000000-0000-0000-0000-000000000023', 4, '00000000-0000-0000-0000-000000000002');

-- Seed data: Demo user library
INSERT INTO library_items (user_id, item_type, item_id) VALUES
  -- Albums in library
  ('00000000-0000-0000-0000-000000000002', 'album', 'b0000000-0000-0000-0000-000000000001'),
  ('00000000-0000-0000-0000-000000000002', 'album', 'b0000000-0000-0000-0000-000000000005'),
  -- Artists in library
  ('00000000-0000-0000-0000-000000000002', 'artist', 'a0000000-0000-0000-0000-000000000001'),
  ('00000000-0000-0000-0000-000000000002', 'artist', 'a0000000-0000-0000-0000-000000000003'),
  -- Individual tracks
  ('00000000-0000-0000-0000-000000000002', 'track', 'c0000000-0000-0000-0000-000000000009'),
  ('00000000-0000-0000-0000-000000000002', 'track', 'c0000000-0000-0000-0000-000000000022');
